"age","percent"
"3-5 days",0.556586270871985
"1 mo",1.11317254174397
"2 mos",2.16450216450216
"4 mos",3.15398886827458
"6 mos",3.64873222016079
"9 mos",5.25664811379097
"12 mos",5.93692022263451
"15 mos",5.19480519480519
"18 mos",8.10142238713667
"24 mos",10.6988249845393
"2.5 yrs",7.54483611626469
"3 yrs",13.4199134199134
"4 yrs",15.8936301793445
"5 yrs",17.3160173160173
