"age","percent"
"3-5 days",0.4720692368214
"1 mo",0.865460267505901
"2 mos",1.8095987411487
"4 mos",3.0684500393391
"6 mos",3.8552321007081
"9 mos",5.35011801730921
"12 mos",5.66483084185681
"15 mos",4.79937057435091
"18 mos",8.02517702596381
"24 mos",10.9362706530291
"2.5 yrs",7.78914240755311
"3 yrs",13.5326514555468
"4 yrs",15.8143194335169
"5 yrs",18.0173092053501
