"age","percent"
"3-5 days",0.555555555555556
"1 mo",1.11111111111111
"2 mos",2.16049382716049
"4 mos",3.14814814814815
"6 mos",3.64197530864198
"9 mos",5.24691358024691
"12 mos",5.92592592592593
"15 mos",5.18518518518519
"18 mos",8.14814814814815
"24 mos",10.679012345679
"2.5 yrs",7.53086419753086
"3 yrs",13.4567901234568
"4 yrs",15.8641975308642
"5 yrs",17.3456790123457
